,job_title,switch_carrer,industry,salary_satisfaction,life_balance_satisfaction,coworker_satisfaction,management_satisfaction,upward_satisfaction,difficulty_feeling,sex,age,country,education_level,ethnicity,yearly_salary_range,yearly_salary_average
0,Data Analyst,1,Healthcare,9.0,9.0,7.0,5.0,5.0,5,1,26,United States,,White or Caucasian,106k-125k,115
1,Data Analyst,0,Finance,1.0,2.0,5.0,2.0,1.0,5,1,36,Canada,,Asian or Asian American,41k-65k,53
2,Data Engineer,0,Other,0.0,8.0,7.0,5.0,7.0,2,1,23,Other,,Black or African American,0-40k,20
3,Other,1,Finance,10.0,6.0,7.0,10.0,7.0,1,0,35,Canada,,White or Caucasian,150k-225k,187
4,Data Analyst,1,Healthcare,1.0,4.0,4.0,4.0,0.0,4,1,44,United States,,Black or African American,41k-65k,53
5,Data Analyst,1,Other,2.0,3.0,3.0,3.0,3.0,4,1,33,Other,,Black or African American,0-40k,20
6,Data Scientist,1,Finance,0.0,6.0,6.0,6.0,6.0,4,1,24,Other,,Black or African American,0-40k,20
7,Data Engineer,1,Other,10.0,5.0,5.0,5.0,5.0,3,1,35,United States,,Asian or Asian American,125k-150k,137
8,Data Analyst,1,Healthcare,4.0,4.0,4.0,4.0,5.0,3,1,35,United States,,Asian or Asian American,86k-105k,95
9,Data Analyst,1,Telecommunication,2.0,0.0,3.0,3.0,0.0,5,1,28,United States,,Hispanic or Latino,41k-65k,53
10,Data Analyst,1,Other,10.0,10.0,8.0,8.0,8.0,3,1,37,Canada,,White or Caucasian,66k-85k,75
11,Data Analyst,1,Other,3.0,8.0,10.0,10.0,7.0,3,1,32,Other,,White or Caucasian,0-40k,20
12,Data Analyst,1,Tech,1.0,10.0,9.0,9.0,5.0,3,1,34,Other,,Other,0-40k,20
13,Data Scientist,1,Education,3.0,10.0,10.0,6.0,7.0,2,1,30,United Kingdom,,White or Caucasian,0-40k,20
14,Data Analyst,0,Construction,4.0,5.0,5.0,5.0,4.0,3,1,31,United States,,White or Caucasian,41k-65k,53
15,Data Analyst,1,Finance,4.0,10.0,7.0,7.0,7.0,4,1,29,United States,,White or Caucasian,41k-65k,53
16,Data Analyst,1,Tech,1.0,2.0,4.0,2.0,2.0,3,1,22,Other,,Black or African American,0-40k,20
17,Other,1,Other,1.0,3.0,2.0,2.0,4.0,4,1,23,United States,,Black or African American,0-40k,20
18,Other,0,Tech,7.0,8.0,8.0,6.0,8.0,5,0,26,Canada,,Asian or Asian American,41k-65k,53
19,Data Analyst,0,Other,1.0,1.0,1.0,1.0,2.0,5,1,28,Other,,Black or African American,0-40k,20
20,Data Analyst,1,Finance,5.0,5.0,5.0,5.0,5.0,2,1,29,Other,,Black or African American,41k-65k,53
21,Data Analyst,1,Tech,10.0,5.0,10.0,6.0,10.0,3,0,31,United States,,White or Caucasian,106k-125k,115
22,Data Analyst,1,Healthcare,5.0,6.0,8.0,8.0,7.0,3,1,28,Other,,White or Caucasian,0-40k,20
23,Data Analyst,0,Finance,4.0,4.0,4.0,4.0,4.0,3,1,32,Other,,Hispanic or Latino,0-40k,20
24,Data Analyst,0,Tech,7.0,8.0,8.0,8.0,3.0,2,1,24,Other,,Black or African American,0-40k,20
25,Data Analyst,0,Tech,4.0,6.0,6.0,6.0,7.0,2,1,31,India,,Asian or Asian American,0-40k,20
26,Data Analyst,0,Other,7.0,10.0,5.0,5.0,5.0,4,1,23,United States,,White or Caucasian,66k-85k,75
27,Data Analyst,1,Other,1.0,6.0,9.0,1.0,0.0,4,0,33,United States,,Asian or Asian American,106k-125k,115
28,Data Analyst,0,Healthcare,6.0,7.0,7.0,7.0,7.0,1,1,43,United States,,White or Caucasian,86k-105k,95
29,Other,1,Other,0.0,0.0,5.0,0.0,0.0,5,0,23,Other,,Other,0-40k,20
30,Other,1,Finance,10.0,7.0,10.0,10.0,5.0,5,1,31,United States,,Black or African American,41k-65k,53
31,Data Analyst,1,Finance,5.0,6.0,7.0,5.0,4.0,3,1,31,United Kingdom,,White or Caucasian,66k-85k,75
32,Data Analyst,1,Other,8.0,7.0,8.0,7.0,7.0,4,1,25,India,,Asian or Asian American,0-40k,20
33,Data Engineer,0,Tech,8.0,10.0,10.0,9.0,9.0,2,1,43,United States,,White or Caucasian,125k-150k,137
34,Data Analyst,0,Finance,2.0,3.0,5.0,5.0,5.0,4,0,26,Canada,,Other,41k-65k,53
35,Other,0,Other,5.0,10.0,8.0,8.0,8.0,3,1,32,Other,,White or Caucasian,41k-65k,53
36,Other,0,Tech,2.0,9.0,7.0,7.0,5.0,4,1,31,Other,,White or Caucasian,0-40k,20
37,Data Analyst,1,Healthcare,3.0,5.0,6.0,4.0,4.0,3,1,29,United States,,White or Caucasian,86k-105k,95
38,Data Analyst,1,Other,3.0,1.0,3.0,2.0,3.0,3,1,24,Other,,Hispanic or Latino,0-40k,20
39,Other,1,Construction,2.0,0.0,2.0,2.0,0.0,5,1,34,United States,,White or Caucasian,41k-65k,53
40,Data Analyst,1,Other,5.0,6.0,6.0,5.0,4.0,5,1,42,Other,,Other,41k-65k,53
41,Other,1,Other,0.0,0.0,0.0,0.0,0.0,4,0,40,United States,,Asian or Asian American,0-40k,20
42,Other,0,Telecommunication,3.0,1.0,3.0,4.0,0.0,2,1,43,Other,,White or Caucasian,41k-65k,53
43,Other,1,Construction,0.0,0.0,0.0,0.0,0.0,5,1,23,Other,,Other,0-40k,20
44,Other,1,Education,5.0,5.0,3.0,5.0,2.0,4,1,23,Other,,Asian or Asian American,0-40k,20
45,Data Analyst,1,Other,8.0,6.0,2.0,3.0,6.0,3,1,28,United States,,White or Caucasian,86k-105k,95
46,Data Analyst,0,Finance,5.0,7.0,1.0,1.0,0.0,3,1,32,United States,,White or Caucasian,66k-85k,75
47,Data Analyst,1,Other,7.0,8.0,10.0,8.0,9.0,4,0,41,United States,,White or Caucasian,66k-85k,75
48,Data Analyst,1,Finance,5.0,6.0,6.0,6.0,6.0,3,1,33,United Kingdom,High School,White or Caucasian,41k-65k,53
49,Other,1,Tech,10.0,8.0,9.0,8.0,8.0,2,1,38,United States,,Hispanic or Latino,150k-225k,187
50,Data Analyst,0,Tech,8.0,8.0,8.0,8.0,5.0,2,0,22,India,,Other,0-40k,20
51,Other,1,Other,1.0,3.0,6.0,6.0,6.0,4,1,36,Other,Bachelors,Black or African American,0-40k,20
52,Data Engineer,0,Finance,2.0,1.0,1.0,1.0,3.0,2,0,28,United States,Masters,Asian or Asian American,66k-85k,75
53,Other,1,Other,,,,,,1,1,30,Other,,Other,0-40k,20
54,Data Analyst,1,Tech,6.0,6.0,6.0,6.0,5.0,4,0,24,United States,Bachelors,Hispanic or Latino,66k-85k,75
55,Business Analyst,0,Other,3.0,6.0,7.0,7.0,0.0,5,1,29,United States,Bachelors,White or Caucasian,41k-65k,53
56,Data Analyst,0,Tech,4.0,9.0,10.0,9.0,9.0,2,1,29,Other,Associates,Hispanic or Latino,0-40k,20
57,Business Analyst,1,Other,6.0,8.0,8.0,7.0,9.0,3,1,38,Other,Masters,White or Caucasian,41k-65k,53
58,Data Analyst,1,Finance,3.0,5.0,4.0,3.0,3.0,4,1,31,Other,Masters,White or Caucasian,0-40k,20
59,Other,0,Tech,1.0,4.0,5.0,5.0,1.0,4,1,25,United States,Masters,White or Caucasian,0-40k,20
60,Data Analyst,0,Telecommunication,4.0,6.0,4.0,5.0,4.0,3,1,24,United States,Masters,White or Caucasian,66k-85k,75
61,Other,1,Tech,6.0,7.0,4.0,3.0,9.0,4,1,28,Other,Bachelors,White or Caucasian,41k-65k,53
62,Other,0,Tech,7.0,5.0,8.0,0.0,0.0,3,0,23,India,Bachelors,Asian or Asian American,0-40k,20
63,Data Engineer,0,Tech,2.0,3.0,2.0,5.0,5.0,3,1,21,Other,Masters,Hispanic or Latino,0-40k,20
64,Data Analyst,0,Other,4.0,4.0,4.0,4.0,5.0,3,1,29,Other,Bachelors,Other,0-40k,20
65,Data Analyst,1,Tech,5.0,6.0,7.0,7.0,7.0,4,1,25,United States,Bachelors,Asian or Asian American,41k-65k,53
66,Data Analyst,0,Tech,6.0,6.0,6.0,6.0,3.0,4,1,27,Other,Masters,Black or African American,41k-65k,53
67,Data Analyst,1,Tech,3.0,9.0,10.0,8.0,9.0,2,1,23,India,Bachelors,Asian or Asian American,41k-65k,53
68,Other,0,Other,4.0,3.0,3.0,5.0,5.0,4,1,32,United States,Masters,Asian or Asian American,86k-105k,95
69,Other,1,Healthcare,5.0,5.0,7.0,5.0,7.0,3,1,22,India,Bachelors,Asian or Asian American,106k-125k,115
70,Data Analyst,0,Tech,2.0,9.0,9.0,8.0,6.0,2,1,25,Other,Bachelors,Asian or Asian American,0-40k,20
71,Data Analyst,1,Telecommunication,2.0,8.0,6.0,6.0,5.0,3,0,36,Other,Masters,White or Caucasian,0-40k,20
72,Data Analyst,1,Tech,10.0,6.0,9.0,5.0,8.0,2,0,27,United States,Bachelors,White or Caucasian,106k-125k,115
73,Business Analyst,1,Tech,5.0,5.0,5.0,5.0,5.0,3,1,23,India,Bachelors,Asian or Asian American,0-40k,20
74,Other,1,Tech,2.0,3.0,3.0,3.0,3.0,5,1,26,Other,Bachelors,Black or African American,0-40k,20
75,Other,0,Healthcare,9.0,10.0,10.0,10.0,10.0,1,0,33,United States,PhD,Hispanic or Latino,86k-105k,95
76,Data Analyst,1,Other,3.0,5.0,3.0,3.0,5.0,2,1,27,Other,Masters,White or Caucasian,106k-125k,115
77,Data Analyst,1,Education,3.0,6.0,5.0,4.0,3.0,3,1,42,United States,Associates,White or Caucasian,41k-65k,53
78,Data Analyst,1,Tech,6.0,7.0,8.0,7.0,7.0,2,1,29,Other,Masters,White or Caucasian,0-40k,20
79,Data Analyst,0,Tech,4.0,7.0,6.0,4.0,2.0,2,0,27,United States,Masters,Asian or Asian American,125k-150k,137
80,Other,0,Healthcare,0.0,10.0,10.0,10.0,4.0,3,0,39,United States,Bachelors,Hispanic or Latino,41k-65k,53
81,Data Analyst,1,Telecommunication,6.0,6.0,7.0,5.0,6.0,4,1,31,Other,Masters,White or Caucasian,41k-65k,53
82,Data Analyst,1,Other,7.0,7.0,5.0,9.0,7.0,2,1,29,Other,Bachelors,Hispanic or Latino,66k-85k,75
83,Data Analyst,1,Education,7.0,7.0,7.0,7.0,4.0,2,1,31,United States,Masters,White or Caucasian,66k-85k,75
84,Data Analyst,1,Finance,10.0,9.0,9.0,10.0,9.0,3,1,30,Other,Masters,Hispanic or Latino,0-40k,20
85,Data Engineer,1,Tech,7.0,8.0,6.0,5.0,5.0,4,1,33,Other,Masters,Hispanic or Latino,0-40k,20
86,Data Analyst,0,Other,7.0,8.0,9.0,7.0,7.0,3,1,25,United States,Bachelors,White or Caucasian,66k-85k,75
87,Other,0,Tech,0.0,0.0,0.0,0.0,0.0,3,1,23,India,Bachelors,Other,0-40k,20
88,Data Analyst,1,Other,4.0,4.0,3.0,3.0,5.0,5,1,33,United States,Bachelors,Asian or Asian American,41k-65k,53
89,Business Analyst,1,Other,7.0,9.0,9.0,8.0,8.0,3,1,35,Other,Bachelors,Hispanic or Latino,66k-85k,75
90,Data Analyst,0,Other,6.0,8.0,5.0,,6.0,3,0,42,Other,Masters,White or Caucasian,41k-65k,53
91,Data Analyst,0,Tech,3.0,4.0,2.0,1.0,0.0,3,1,25,United States,Bachelors,White or Caucasian,66k-85k,75
92,Data Analyst,0,Other,5.0,4.0,5.0,4.0,3.0,3,1,23,United States,Bachelors,White or Caucasian,86k-105k,95
93,Other,0,Healthcare,2.0,4.0,6.0,5.0,3.0,2,0,51,United States,Bachelors,Black or African American,41k-65k,53
94,Data Analyst,0,Telecommunication,1.0,4.0,4.0,3.0,2.0,5,1,30,United Kingdom,Bachelors,Black or African American,0-40k,20
95,Data Analyst,1,Finance,8.0,9.0,9.0,9.0,9.0,5,1,23,India,Bachelors,Asian or Asian American,41k-65k,53
96,Other,1,Other,3.0,5.0,5.0,6.0,3.0,3,1,24,Canada,Bachelors,Asian or Asian American,41k-65k,53
97,Other,1,Tech,6.0,6.0,6.0,6.0,6.0,2,1,25,Other,Masters,Asian or Asian American,41k-65k,53
98,Data Analyst,1,Finance,4.0,4.0,6.0,4.0,5.0,4,0,55,United States,Masters,Other,41k-65k,53
99,Data Analyst,0,Other,8.0,10.0,8.0,7.0,8.0,1,0,30,United States,Masters,White or Caucasian,86k-105k,95
100,Data Analyst,1,Other,9.0,9.0,9.0,9.0,7.0,4,1,25,Canada,Bachelors,Asian or Asian American,41k-65k,53
101,Data Analyst,1,Other,6.0,9.0,7.0,6.0,7.0,3,1,28,United States,Masters,White or Caucasian,66k-85k,75
102,Other,1,Other,8.0,8.0,9.0,9.0,10.0,1,1,34,United Kingdom,Bachelors,White or Caucasian,41k-65k,53
103,Data Analyst,1,Tech,8.0,10.0,9.0,9.0,10.0,3,0,28,Other,Bachelors,Hispanic or Latino,0-40k,20
104,Other,0,Other,7.0,9.0,7.0,8.0,8.0,3,1,24,Other,Bachelors,Asian or Asian American,0-40k,20
105,Other,1,Healthcare,3.0,7.0,7.0,7.0,1.0,4,1,31,United States,Masters,Black or African American,0-40k,20
106,Data Analyst,1,Other,3.0,6.0,6.0,6.0,4.0,2,1,25,Canada,Bachelors,Asian or Asian American,41k-65k,53
107,Data Analyst,1,Finance,5.0,1.0,4.0,3.0,3.0,2,0,38,United States,Bachelors,White or Caucasian,106k-125k,115
108,Data Analyst,0,Finance,5.0,5.0,5.0,5.0,4.0,3,1,30,Other,Bachelors,Hispanic or Latino,41k-65k,53
109,Data Analyst,1,Tech,0.0,0.0,0.0,2.0,2.0,3,1,25,India,Bachelors,Asian or Asian American,0-40k,20
110,Data Analyst,1,Tech,1.0,2.0,1.0,5.0,6.0,3,0,29,Other,Bachelors,Black or African American,0-40k,20
111,Data Scientist,1,Finance,7.0,5.0,3.0,6.0,4.0,4,1,21,Other,Masters,White or Caucasian,150k-225k,187
112,Data Analyst,1,Other,5.0,8.0,8.0,7.0,6.0,1,0,39,United States,Bachelors,Asian or Asian American,66k-85k,75
113,Other,0,Other,0.0,0.0,0.0,0.0,0.0,3,1,25,Other,Bachelors,White or Caucasian,0-40k,20
114,Other,1,Finance,7.0,9.0,10.0,6.0,4.0,3,0,42,United States,Masters,Hispanic or Latino,86k-105k,95
115,Data Analyst,0,Tech,10.0,8.0,9.0,10.0,10.0,2,1,25,United States,Bachelors,White or Caucasian,41k-65k,53
116,Data Scientist,0,Finance,8.0,7.0,6.0,6.0,5.0,3,1,22,United States,Bachelors,White or Caucasian,86k-105k,95
117,Data Analyst,0,Other,1.0,4.0,4.0,3.0,,2,1,23,Other,High School,Hispanic or Latino,0-40k,20
118,Data Engineer,1,Other,6.0,6.0,6.0,6.0,6.0,4,1,25,Other,High School,Other,41k-65k,53
119,Data Engineer,1,Other,5.0,7.0,7.0,6.0,6.0,3,1,45,Canada,Masters,White or Caucasian,66k-85k,75
120,Data Analyst,1,Healthcare,7.0,3.0,8.0,6.0,8.0,2,1,24,United States,Bachelors,White or Caucasian,66k-85k,75
121,Other,0,Other,1.0,9.0,6.0,0.0,0.0,4,1,25,United States,,Black or African American,0-40k,20
122,Data Analyst,1,Other,9.0,8.0,9.0,9.0,8.0,4,1,26,United States,Bachelors,White or Caucasian,66k-85k,75
123,Data Analyst,0,Tech,4.0,7.0,8.0,8.0,5.0,2,1,23,Canada,Bachelors,Asian or Asian American,41k-65k,53
124,Other,1,Other,1.0,1.0,1.0,0.0,0.0,4,0,42,United Kingdom,Masters,White or Caucasian,0-40k,20
125,Other,1,Education,0.0,0.0,2.0,0.0,0.0,5,0,42,United States,Bachelors,Black or African American,41k-65k,53
126,Business Analyst,0,Tech,0.0,6.0,5.0,5.0,3.0,3,1,25,India,Masters,Asian or Asian American,0-40k,20
127,Data Analyst,1,Tech,8.0,10.0,10.0,10.0,2.0,2,1,38,United States,Masters,White or Caucasian,86k-105k,95
128,Other,0,Tech,5.0,6.0,6.0,6.0,6.0,2,1,24,Other,Bachelors,Hispanic or Latino,0-40k,20
129,Data Analyst,1,Education,7.0,10.0,10.0,10.0,8.0,3,1,28,United States,Bachelors,White or Caucasian,66k-85k,75
130,Data Analyst,0,Healthcare,1.0,2.0,8.0,7.0,0.0,4,1,21,United States,Bachelors,Asian or Asian American,41k-65k,53
131,Data Analyst,1,Healthcare,10.0,10.0,10.0,10.0,10.0,1,1,39,United States,Masters,White or Caucasian,106k-125k,115
132,Data Analyst,1,Tech,4.0,5.0,5.0,5.0,6.0,4,1,23,Other,Bachelors,Asian or Asian American,0-40k,20
133,Data Analyst,0,Other,1.0,6.0,4.0,3.0,5.0,3,0,23,Other,Bachelors,White or Caucasian,0-40k,20
134,Data Analyst,1,Other,8.0,9.0,8.0,7.0,7.0,3,1,30,United States,Masters,White or Caucasian,66k-85k,75
135,Data Analyst,0,Other,2.0,6.0,2.0,3.0,2.0,2,1,26,Other,Masters,White or Caucasian,41k-65k,53
136,Data Analyst,1,Healthcare,3.0,6.0,4.0,6.0,4.0,3,1,37,United States,Bachelors,White or Caucasian,41k-65k,53
137,Data Analyst,1,Healthcare,3.0,5.0,4.0,5.0,4.0,3,0,31,United States,Bachelors,White or Caucasian,66k-85k,75
138,Data Analyst,1,Finance,5.0,2.0,4.0,3.0,3.0,4,0,25,Other,Bachelors,Black or African American,0-40k,20
139,Data Analyst,1,Healthcare,2.0,6.0,6.0,5.0,4.0,2,0,26,Other,Bachelors,White or Caucasian,0-40k,20
140,Data Analyst,1,Healthcare,7.0,8.0,8.0,8.0,8.0,1,1,30,United States,Bachelors,White or Caucasian,66k-85k,75
141,Data Analyst,1,Tech,9.0,10.0,10.0,10.0,7.0,3,0,39,United States,Bachelors,Black or African American,66k-85k,75
142,Other,0,Education,1.0,1.0,1.0,0.0,0.0,2,0,28,India,Masters,Asian or Asian American,0-40k,20
143,Data Analyst,1,Finance,8.0,8.0,7.0,7.0,10.0,1,1,22,United States,Bachelors,Other,66k-85k,75
144,Data Analyst,1,Telecommunication,3.0,2.0,4.0,2.0,2.0,3,1,28,Other,Bachelors,Black or African American,0-40k,20
145,Other,0,Tech,8.0,10.0,9.0,7.0,5.0,3,1,33,United States,Masters,White or Caucasian,150k-225k,187
146,Data Analyst,1,Finance,2.0,3.0,3.0,3.0,2.0,3,0,22,Other,Bachelors,Other,0-40k,20
147,Other,0,Tech,3.0,5.0,5.0,4.0,4.0,3,1,27,India,Bachelors,Other,0-40k,20
148,Data Analyst,1,Other,8.0,8.0,8.0,8.0,10.0,2,1,37,United States,Bachelors,Other,106k-125k,115
149,Business Analyst,0,Other,3.0,4.0,5.0,5.0,4.0,4,1,24,United States,Masters,White or Caucasian,41k-65k,53
150,Data Analyst,0,Healthcare,1.0,4.0,3.0,2.0,0.0,4,1,25,United Kingdom,Masters,Asian or Asian American,41k-65k,53
151,Data Engineer,0,Healthcare,8.0,10.0,8.0,8.0,9.0,3,1,28,United States,Masters,Black or African American,86k-105k,95
152,Data Analyst,1,Other,5.0,5.0,7.0,7.0,7.0,2,1,32,United Kingdom,Bachelors,White or Caucasian,41k-65k,53
153,Data Analyst,1,Other,0.0,7.0,7.0,7.0,0.0,2,1,29,United States,Bachelors,Asian or Asian American,41k-65k,53
154,Data Analyst,0,Healthcare,7.0,5.0,8.0,6.0,5.0,4,0,26,Other,Masters,White or Caucasian,41k-65k,53
155,Data Engineer,1,Tech,0.0,7.0,5.0,0.0,0.0,3,1,37,Canada,Masters,White or Caucasian,41k-65k,53
156,Data Analyst,0,Other,4.0,6.0,5.0,4.0,5.0,3,1,25,United States,Bachelors,White or Caucasian,41k-65k,53
157,Data Analyst,0,Finance,4.0,4.0,5.0,6.0,6.0,4,1,24,Other,High School,White or Caucasian,0-40k,20
158,Other,0,Finance,7.0,8.0,8.0,8.0,7.0,2,1,52,United States,Bachelors,White or Caucasian,125k-150k,137
159,Data Analyst,1,Finance,6.0,10.0,3.0,5.0,0.0,4,1,27,Other,Bachelors,Asian or Asian American,41k-65k,53
160,Data Analyst,0,Healthcare,6.0,6.0,3.0,3.0,3.0,3,0,29,United States,Masters,White or Caucasian,106k-125k,115
161,Other,0,Tech,3.0,7.0,6.0,7.0,0.0,4,1,42,Other,Associates,White or Caucasian,0-40k,20
162,Data Analyst,1,Telecommunication,3.0,5.0,6.0,4.0,3.0,4,1,28,United States,Masters,White or Caucasian,41k-65k,53
163,Data Analyst,1,Tech,8.0,8.0,8.0,8.0,8.0,3,1,44,Other,Bachelors,Hispanic or Latino,0-40k,20
164,Data Engineer,1,Tech,5.0,5.0,6.0,5.0,6.0,3,1,23,Other,Bachelors,White or Caucasian,0-40k,20
165,Data Analyst,0,Other,1.0,2.0,6.0,4.0,2.0,2,1,27,United States,Bachelors,Hispanic or Latino,41k-65k,53
166,Data Analyst,0,Construction,3.0,3.0,3.0,2.0,2.0,3,1,26,United States,Masters,White or Caucasian,66k-85k,75
167,Data Analyst,1,Healthcare,3.0,4.0,4.0,4.0,1.0,3,1,27,United States,Masters,Hispanic or Latino,86k-105k,95
168,Data Analyst,1,Other,0.0,0.0,7.0,1.0,0.0,4,1,33,Canada,Bachelors,Asian or Asian American,66k-85k,75
169,Data Analyst,1,Other,8.0,10.0,10.0,10.0,10.0,2,1,28,United States,Bachelors,Hispanic or Latino,66k-85k,75
170,Data Analyst,1,Tech,2.0,8.0,8.0,7.0,6.0,3,1,32,Other,Bachelors,Black or African American,0-40k,20
171,Other,1,Other,2.0,4.0,6.0,1.0,1.0,5,1,34,Canada,Associates,Asian or Asian American,41k-65k,53
172,Data Analyst,0,Tech,10.0,10.0,10.0,8.0,10.0,2,1,28,United States,Bachelors,Asian or Asian American,150k-225k,187
173,Data Scientist,1,Telecommunication,2.0,4.0,1.0,3.0,1.0,3,1,27,India,Bachelors,Other,125k-150k,137
174,Data Engineer,1,Finance,2.0,4.0,5.0,5.0,4.0,4,1,22,United States,Bachelors,White or Caucasian,41k-65k,53
175,Data Analyst,0,Healthcare,3.0,3.0,4.0,1.0,2.0,3,1,29,United States,Masters,White or Caucasian,66k-85k,75
176,Data Analyst,0,Healthcare,8.0,10.0,10.0,8.0,5.0,3,0,31,United States,Masters,White or Caucasian,66k-85k,75
177,Data Analyst,0,Tech,4.0,5.0,5.0,5.0,4.0,2,1,28,United States,Bachelors,White or Caucasian,66k-85k,75
178,Other,0,Healthcare,0.0,0.0,0.0,0.0,0.0,3,1,24,United States,Masters,Asian or Asian American,0-40k,20
179,Data Analyst,0,Other,4.0,5.0,3.0,4.0,2.0,2,1,34,United States,Masters,White or Caucasian,86k-105k,95
180,Data Engineer,0,Tech,5.0,3.0,5.0,5.0,4.0,4,1,23,United States,Bachelors,White or Caucasian,86k-105k,95
181,Other,0,Construction,10.0,4.0,10.0,10.0,4.0,3,1,32,Other,Masters,White or Caucasian,41k-65k,53
182,Data Analyst,1,Healthcare,6.0,8.0,6.0,6.0,8.0,2,1,29,Other,High School,Hispanic or Latino,0-40k,20
183,Data Analyst,1,Education,0.0,0.0,0.0,0.0,0.0,5,1,34,Other,Bachelors,Black or African American,0-40k,20
184,Data Analyst,0,Finance,7.0,5.0,5.0,7.0,9.0,1,1,24,United Kingdom,Bachelors,White or Caucasian,66k-85k,75
185,Other,0,Tech,0.0,10.0,6.0,0.0,0.0,4,1,30,United States,Bachelors,Other,66k-85k,75
186,Other,0,Other,5.0,5.0,6.0,4.0,5.0,4,1,24,United States,Masters,Hispanic or Latino,86k-105k,95
187,Data Analyst,1,Other,6.0,8.0,10.0,9.0,7.0,2,1,27,United States,Bachelors,Other,41k-65k,53
188,Data Analyst,0,Finance,1.0,2.0,4.0,4.0,4.0,3,1,21,India,Bachelors,Asian or Asian American,0-40k,20
189,Data Analyst,0,Other,3.0,5.0,9.0,9.0,,5,1,31,Other,Masters,Black or African American,0-40k,20
190,Data Analyst,1,Telecommunication,5.0,7.0,5.0,5.0,5.0,4,1,41,Other,Bachelors,White or Caucasian,0-40k,20
191,Data Analyst,1,Tech,0.0,1.0,1.0,0.0,0.0,4,1,25,India,Bachelors,Asian or Asian American,0-40k,20
192,Data Analyst,0,Finance,4.0,7.0,8.0,8.0,8.0,3,1,24,Other,Bachelors,Black or African American,0-40k,20
193,Data Analyst,0,Finance,6.0,5.0,6.0,5.0,6.0,3,1,30,Other,Masters,Other,0-40k,20
194,Data Analyst,0,Finance,7.0,7.0,7.0,,5.0,3,1,33,United States,Bachelors,White or Caucasian,150k-225k,187
195,Data Analyst,0,Other,7.0,4.0,10.0,9.0,7.0,4,1,23,United States,Bachelors,Hispanic or Latino,66k-85k,75
196,Data Analyst,1,Tech,6.0,6.0,6.0,6.0,6.0,4,0,33,United Kingdom,Masters,Asian or Asian American,66k-85k,75
197,Data Analyst,0,Finance,4.0,4.0,4.0,4.0,4.0,3,1,25,United States,Bachelors,White or Caucasian,106k-125k,115
198,Data Analyst,0,Other,5.0,5.0,5.0,5.0,5.0,3,0,27,Other,Masters,White or Caucasian,0-40k,20
199,Data Analyst,1,Finance,5.0,10.0,10.0,8.0,10.0,1,1,30,United Kingdom,Bachelors,White or Caucasian,0-40k,20
200,Data Analyst,1,Tech,0.0,3.0,,,,3,1,29,Other,Bachelors,Black or African American,0-40k,20
201,Other,1,Healthcare,10.0,2.0,8.0,5.0,0.0,2,1,25,India,Masters,Other,0-40k,20
202,Data Analyst,0,Telecommunication,7.0,7.0,5.0,7.0,7.0,2,1,40,United States,High School,Hispanic or Latino,86k-105k,95
203,Data Analyst,0,Other,6.0,10.0,8.0,8.0,4.0,3,0,29,Canada,Bachelors,Other,41k-65k,53
204,Data Analyst,0,Other,0.0,3.0,3.0,3.0,3.0,4,1,29,India,Masters,Asian or Asian American,41k-65k,53
205,Data Analyst,1,Education,1.0,2.0,2.0,3.0,3.0,3,1,28,Other,Masters,Black or African American,0-40k,20
206,Other,0,Other,5.0,2.0,0.0,2.0,0.0,3,1,34,United Kingdom,Bachelors,White or Caucasian,86k-105k,95
207,Other,0,Tech,0.0,4.0,7.0,6.0,7.0,2,1,24,Other,Masters,White or Caucasian,0-40k,20
208,Data Analyst,1,Telecommunication,5.0,8.0,8.0,9.0,7.0,1,1,26,Other,Bachelors,Other,0-40k,20
209,Data Analyst,0,Tech,10.0,5.0,10.0,10.0,6.0,4,1,28,United States,Bachelors,Hispanic or Latino,125k-150k,137
210,Other,0,Education,5.0,4.0,4.0,4.0,5.0,4,1,25,Other,Masters,White or Caucasian,0-40k,20
211,Data Analyst,1,Tech,1.0,4.0,9.0,7.0,8.0,2,1,33,Other,Bachelors,Hispanic or Latino,0-40k,20
212,Data Analyst,1,Finance,4.0,4.0,6.0,3.0,4.0,3,1,30,Other,Masters,White or Caucasian,66k-85k,75
213,Data Analyst,1,Finance,1.0,1.0,1.0,1.0,1.0,5,1,35,India,Bachelors,Other,0-40k,20
214,Data Analyst,0,Other,5.0,2.0,5.0,5.0,3.0,4,1,25,Other,Bachelors,White or Caucasian,0-40k,20
215,Data Analyst,0,Real Estate,4.0,7.0,9.0,5.0,2.0,2,1,23,Other,Bachelors,White or Caucasian,0-40k,20
216,Data Engineer,0,Healthcare,6.0,6.0,6.0,5.0,4.0,3,1,24,Other,Bachelors,Hispanic or Latino,0-40k,20
217,Data Analyst,1,Education,8.0,9.0,9.0,7.0,6.0,3,1,27,United States,Masters,Black or African American,150k-225k,187
218,Data Analyst,1,Other,4.0,10.0,10.0,8.0,5.0,3,1,32,United States,Bachelors,Asian or Asian American,66k-85k,75
219,Data Analyst,1,Tech,3.0,5.0,4.0,4.0,4.0,3,1,50,Canada,Bachelors,White or Caucasian,41k-65k,53
220,Data Architect,1,Other,7.0,7.0,8.0,9.0,10.0,3,1,29,United States,High School,White or Caucasian,66k-85k,75
221,Data Analyst,1,Telecommunication,2.0,8.0,7.0,6.0,5.0,3,1,41,Other,Bachelors,Hispanic or Latino,0-40k,20
222,Other,0,Other,1.0,7.0,7.0,1.0,4.0,3,1,23,United States,Associates,White or Caucasian,0-40k,20
223,Data Analyst,1,Finance,4.0,7.0,8.0,7.0,8.0,4,1,31,Other,Bachelors,Black or African American,0-40k,20
224,Data Analyst,0,Healthcare,0.0,10.0,10.0,10.0,10.0,4,1,22,Other,Bachelors,Native Hawaiian or other Pacific Islander,0-40k,20
225,Data Analyst,0,Finance,3.0,5.0,5.0,5.0,3.0,5,1,29,United States,Masters,Hispanic or Latino,66k-85k,75
226,Data Scientist,1,Tech,4.0,4.0,4.0,0.0,0.0,4,1,23,Other,Bachelors,Other,0-40k,20
227,Other,0,Other,0.0,0.0,1.0,1.0,0.0,3,0,24,United States,High School,Hispanic or Latino,0-40k,20
228,Data Analyst,1,Other,5.0,9.0,10.0,10.0,5.0,3,1,26,United States,Bachelors,Black or African American,66k-85k,75
229,Other,1,Finance,4.0,3.0,5.0,2.0,2.0,4,1,31,India,Bachelors,Asian or Asian American,0-40k,20
230,Data Analyst,1,Other,1.0,1.0,1.0,1.0,7.0,3,1,22,Other,Bachelors,Black or African American,0-40k,20
231,Data Analyst,1,Other,7.0,8.0,10.0,8.0,7.0,3,1,31,Other,Bachelors,White or Caucasian,66k-85k,75
232,Other,1,Tech,0.0,4.0,0.0,0.0,4.0,3,1,27,United States,Masters,Asian or Asian American,0-40k,20
233,Other,0,Other,1.0,1.0,2.0,1.0,1.0,4,0,25,United States,Bachelors,Asian or Asian American,0-40k,20
234,Data Analyst,1,Healthcare,4.0,10.0,10.0,8.0,8.0,2,1,30,Other,Masters,Hispanic or Latino,0-40k,20
235,Data Analyst,1,Healthcare,0.0,6.0,5.0,6.0,0.0,2,1,28,United States,Masters,Hispanic or Latino,41k-65k,53
236,Data Analyst,0,Finance,6.0,6.0,5.0,4.0,2.0,2,1,26,United States,Bachelors,White or Caucasian,125k-150k,137
237,Data Scientist,1,Other,6.0,7.0,7.0,10.0,6.0,3,0,32,United States,Masters,White or Caucasian,125k-150k,137
238,Data Analyst,1,Other,3.0,5.0,6.0,4.0,6.0,3,0,40,Other,PhD,White or Caucasian,0-40k,20
239,Data Engineer,1,Other,4.0,7.0,7.0,6.0,8.0,3,1,36,Other,Associates,Asian or Asian American,0-40k,20
240,Data Analyst,1,Finance,6.0,10.0,9.0,9.0,9.0,4,1,35,United States,Bachelors,Hispanic or Latino,66k-85k,75
241,Data Analyst,1,Tech,3.0,4.0,4.0,4.0,5.0,5,1,29,United States,Masters,Asian or Asian American,66k-85k,75
242,Data Analyst,0,Finance,6.0,5.0,9.0,9.0,7.0,3,0,25,Other,Masters,Hispanic or Latino,41k-65k,53
243,Database Developer,1,Other,6.0,8.0,8.0,9.0,6.0,4,1,29,United States,Bachelors,White or Caucasian,41k-65k,53
244,Data Analyst,0,Agriculture,7.0,6.0,7.0,4.0,5.0,4,1,26,United States,Bachelors,Black or African American,86k-105k,95
245,Data Analyst,0,Other,1.0,1.0,1.0,1.0,1.0,3,1,34,Other,Bachelors,Black or African American,0-40k,20
246,Data Analyst,1,Finance,5.0,2.0,5.0,4.0,3.0,3,1,26,Other,Bachelors,White or Caucasian,0-40k,20
247,Data Analyst,0,Tech,3.0,3.0,5.0,4.0,3.0,4,0,22,India,Bachelors,Asian or Asian American,0-40k,20
248,Other,1,Construction,0.0,2.0,0.0,1.0,1.0,5,0,24,Other,Bachelors,Black or African American,0-40k,20
249,Data Analyst,0,Other,3.0,6.0,6.0,6.0,4.0,3,1,26,Other,Bachelors,Hispanic or Latino,0-40k,20
250,Data Architect,1,Finance,5.0,6.0,2.0,3.0,3.0,5,0,34,Other,Masters,White or Caucasian,0-40k,20
251,Data Analyst,0,Tech,3.0,5.0,4.0,5.0,4.0,3,1,29,India,Bachelors,Asian or Asian American,0-40k,20
252,Data Scientist,0,Tech,2.0,7.0,7.0,7.0,7.0,2,1,21,Other,Bachelors,Black or African American,0-40k,20
253,Other,0,Other,2.0,4.0,5.0,3.0,1.0,3,0,35,Other,Masters,White or Caucasian,0-40k,20
254,Data Analyst,0,Education,7.0,7.0,8.0,8.0,6.0,3,1,26,United States,Bachelors,Black or African American,41k-65k,53
255,Data Analyst,1,Other,2.0,4.0,7.0,10.0,5.0,3,1,28,United States,Bachelors,White or Caucasian,41k-65k,53
256,Other,0,Other,1.0,5.0,5.0,1.0,0.0,2,0,33,United States,Bachelors,White or Caucasian,41k-65k,53
257,Data Analyst,1,Other,7.0,6.0,5.0,7.0,4.0,2,0,56,United States,Bachelors,White or Caucasian,66k-85k,75
258,Other,0,Other,3.0,3.0,6.0,5.0,,4,1,23,India,Bachelors,Asian or Asian American,0-40k,20
259,Data Scientist,1,Healthcare,4.0,5.0,5.0,5.0,4.0,4,1,28,United States,Masters,White or Caucasian,125k-150k,137
260,Other,0,Other,0.0,0.0,0.0,0.0,0.0,3,1,21,Other,High School,White or Caucasian,0-40k,20
261,Other,0,Other,2.0,2.0,4.0,1.0,2.0,3,1,35,United States,Masters,Black or African American,66k-85k,75
262,Data Analyst,0,Healthcare,7.0,5.0,9.0,9.0,9.0,3,1,29,Other,Masters,Asian or Asian American,41k-65k,53
263,Data Analyst,0,Tech,9.0,10.0,8.0,8.0,7.0,3,0,23,United States,Bachelors,Asian or Asian American,86k-105k,95
264,Other,0,Finance,3.0,3.0,3.0,0.0,0.0,4,1,25,India,Bachelors,Asian or Asian American,41k-65k,53
265,Data Engineer,1,Other,8.0,7.0,10.0,9.0,10.0,2,1,27,United States,Masters,White or Caucasian,86k-105k,95
266,Data Analyst,0,Tech,3.0,8.0,7.0,5.0,8.0,3,1,22,India,Bachelors,Other,0-40k,20
267,Data Analyst,1,Other,6.0,3.0,5.0,7.0,5.0,3,1,22,India,Bachelors,Asian or Asian American,0-40k,20
268,Other,0,Other,7.0,7.0,4.0,5.0,5.0,3,1,43,United States,Masters,Asian or Asian American,106k-125k,115
269,Other,1,Tech,3.0,5.0,8.0,4.0,5.0,4,0,32,United States,Bachelors,Asian or Asian American,0-40k,20
270,Other,1,Healthcare,,,,,,4,0,42,United States,Masters,Asian or Asian American,66k-85k,75
271,Other,0,Other,4.0,6.0,2.0,3.0,3.0,5,1,31,United States,Bachelors,Hispanic or Latino,66k-85k,75
272,Data Engineer,0,Other,0.0,10.0,10.0,5.0,0.0,3,1,25,United Kingdom,Bachelors,White or Caucasian,0-40k,20
273,Data Analyst,0,Agriculture,3.0,5.0,5.0,5.0,3.0,3,0,25,United States,Masters,Asian or Asian American,41k-65k,53
274,Data Analyst,1,Other,9.0,9.0,9.0,6.0,9.0,4,1,31,United States,Masters,Asian or Asian American,106k-125k,115
275,Data Scientist,1,Education,3.0,3.0,1.0,1.0,1.0,4,1,36,Other,Masters,White or Caucasian,0-40k,20
276,Other,0,Healthcare,6.0,8.0,8.0,8.0,8.0,3,0,35,Other,Masters,White or Caucasian,41k-65k,53
277,Data Analyst,1,Other,6.0,10.0,10.0,10.0,9.0,2,1,28,United States,Bachelors,White or Caucasian,66k-85k,75
278,Data Analyst,0,Other,8.0,8.0,9.0,9.0,8.0,3,1,27,Other,Bachelors,Hispanic or Latino,0-40k,20
279,Data Analyst,1,Other,7.0,4.0,7.0,4.0,8.0,2,1,25,Other,Bachelors,Hispanic or Latino,0-40k,20
280,Data Analyst,0,Other,6.0,6.0,10.0,8.0,6.0,3,1,25,Other,Bachelors,White or Caucasian,0-40k,20
281,Other,0,Other,5.0,5.0,5.0,5.0,5.0,4,1,22,United States,Masters,White or Caucasian,41k-65k,53
282,Data Analyst,1,Healthcare,7.0,8.0,8.0,4.0,6.0,3,1,38,Other,High School,White or Caucasian,41k-65k,53
283,Data Analyst,1,Education,0.0,0.0,5.0,0.0,0.0,4,1,27,Other,Bachelors,Black or African American,0-40k,20
284,Data Analyst,1,Other,4.0,4.0,2.0,2.0,2.0,2,0,34,Canada,Bachelors,Black or African American,86k-105k,95
285,Data Analyst,1,Other,9.0,10.0,10.0,9.0,8.0,4,0,31,United States,Bachelors,White or Caucasian,66k-85k,75
286,Data Analyst,1,Tech,4.0,9.0,8.0,8.0,6.0,3,0,33,Canada,Masters,Black or African American,41k-65k,53
287,Other,1,Tech,2.0,5.0,5.0,5.0,5.0,5,1,23,United States,Bachelors,Asian or Asian American,0-40k,20
288,Data Analyst,1,Healthcare,3.0,10.0,9.0,10.0,5.0,3,0,25,United States,Bachelors,Asian or Asian American,41k-65k,53
289,Data Analyst,1,Tech,4.0,4.0,4.0,5.0,2.0,4,1,29,Other,Masters,White or Caucasian,0-40k,20
290,Other,1,Healthcare,5.0,7.0,9.0,8.0,8.0,3,0,29,United States,Masters,Black or African American,41k-65k,53
291,Data Analyst,1,Tech,3.0,4.0,4.0,4.0,4.0,2,1,31,India,Masters,Asian or Asian American,0-40k,20
292,Other,0,Real Estate,0.0,5.0,0.0,0.0,0.0,5,1,34,Other,High School,Black or African American,0-40k,20
293,Data Analyst,1,Tech,3.0,2.0,4.0,3.0,7.0,2,1,26,Other,Bachelors,Other,0-40k,20
294,Data Scientist,0,Healthcare,4.0,6.0,5.0,6.0,6.0,3,0,26,United States,Bachelors,White or Caucasian,86k-105k,95
295,Other,1,Other,3.0,6.0,9.0,6.0,5.0,4,1,27,United States,Masters,Black or African American,41k-65k,53
296,Data Analyst,1,Other,8.0,5.0,9.0,6.0,6.0,3,1,26,United States,Bachelors,White or Caucasian,66k-85k,75
297,Other,1,Tech,4.0,5.0,4.0,4.0,3.0,5,0,26,United States,Masters,Asian or Asian American,0-40k,20
298,Data Analyst,1,Finance,2.0,5.0,5.0,5.0,4.0,2,1,24,United States,Bachelors,White or Caucasian,41k-65k,53
299,Data Analyst,1,Other,4.0,6.0,3.0,4.0,4.0,2,0,28,Other,Masters,Other,86k-105k,95
300,Data Analyst,1,Other,8.0,8.0,10.0,9.0,7.0,2,1,29,United States,Bachelors,White or Caucasian,106k-125k,115
301,Data Analyst,1,Finance,3.0,2.0,1.0,1.0,0.0,5,0,26,United States,Masters,Asian or Asian American,66k-85k,75
302,Data Analyst,1,Other,3.0,5.0,3.0,3.0,1.0,3,1,28,United Kingdom,Bachelors,White or Caucasian,41k-65k,53
303,Data Analyst,0,Finance,6.0,8.0,7.0,6.0,2.0,2,1,25,Other,Masters,White or Caucasian,0-40k,20
304,Data Analyst,1,Finance,5.0,7.0,7.0,3.0,7.0,4,0,26,United States,Bachelors,Asian or Asian American,66k-85k,75
305,Data Engineer,1,Healthcare,6.0,3.0,9.0,5.0,8.0,3,0,38,United States,Masters,White or Caucasian,125k-150k,137
306,Other,1,Other,0.0,3.0,3.0,3.0,4.0,3,0,20,Other,High School,Black or African American,0-40k,20
307,Data Analyst,0,Education,4.0,6.0,7.0,7.0,2.0,3,0,45,United States,Masters,Black or African American,66k-85k,75
308,Data Analyst,0,Other,5.0,3.0,5.0,6.0,6.0,4,1,27,Canada,Masters,Other,86k-105k,95
309,Data Analyst,1,Other,3.0,7.0,7.0,7.0,7.0,4,1,28,Canada,Masters,Asian or Asian American,41k-65k,53
310,Other,1,Other,2.0,10.0,10.0,10.0,10.0,3,0,29,Other,Bachelors,Other,0-40k,20
311,Other,0,Tech,7.0,7.0,7.0,7.0,7.0,3,0,43,Other,High School,Asian or Asian American,41k-65k,53
312,Data Analyst,1,Finance,0.0,5.0,9.0,9.0,0.0,3,1,26,Other,Bachelors,Black or African American,0-40k,20
313,Other,0,Tech,7.0,8.0,7.0,7.0,8.0,3,0,47,United States,Bachelors,Black or African American,41k-65k,53
314,Other,1,Finance,,,,8.0,10.0,2,1,23,Other,Bachelors,Black or African American,0-40k,20
315,Data Analyst,1,Tech,0.0,1.0,1.0,1.0,1.0,5,1,25,Other,Bachelors,Other,0-40k,20
316,Other,0,Finance,6.0,6.0,3.0,7.0,2.0,5,1,32,Other,Masters,White or Caucasian,0-40k,20
317,Data Analyst,1,Finance,1.0,10.0,10.0,5.0,3.0,3,0,25,United States,Bachelors,White or Caucasian,0-40k,20
318,Data Analyst,0,Finance,1.0,2.0,10.0,1.0,2.0,4,0,29,Other,Bachelors,Hispanic or Latino,0-40k,20
319,Data Analyst,0,Healthcare,3.0,7.0,5.0,5.0,3.0,3,0,33,United States,Bachelors,Asian or Asian American,41k-65k,53
320,Data Analyst,0,Education,6.0,10.0,10.0,10.0,7.0,2,1,36,United States,Masters,Asian or Asian American,106k-125k,115
321,Data Analyst,1,Healthcare,4.0,10.0,9.0,3.0,0.0,4,1,25,United States,Bachelors,White or Caucasian,41k-65k,53
322,Data Scientist,0,Other,8.0,7.0,8.0,7.0,7.0,3,1,38,United States,Masters,White or Caucasian,150k-225k,187
323,Data Analyst,1,Other,3.0,2.0,6.0,6.0,5.0,4,1,30,United States,Masters,Other,66k-85k,75
324,Data Analyst,1,Tech,3.0,5.0,6.0,6.0,6.0,4,1,35,United States,Masters,Black or African American,41k-65k,53
325,Other,0,Education,0.0,1.0,10.0,5.0,0.0,4,0,42,United States,Bachelors,White or Caucasian,41k-65k,53
326,Data Analyst,1,Healthcare,3.0,5.0,4.0,6.0,4.0,2,1,30,United States,Masters,White or Caucasian,66k-85k,75
327,Other,1,Other,0.0,0.0,0.0,0.0,0.0,5,0,25,Other,Bachelors,Black or African American,0-40k,20
328,Data Analyst,0,Healthcare,5.0,9.0,5.0,2.0,5.0,4,0,28,United States,Bachelors,Asian or Asian American,86k-105k,95
329,Data Analyst,1,Other,5.0,10.0,8.0,5.0,7.0,5,1,28,Canada,Bachelors,Asian or Asian American,0-40k,20
330,Other,0,Other,0.0,0.0,0.0,0.0,0.0,3,1,20,Other,High School,Asian or Asian American,0-40k,20
331,Data Analyst,1,Construction,7.0,8.0,7.0,7.0,10.0,2,1,33,United States,Masters,Hispanic or Latino,106k-125k,115
332,Data Analyst,0,Tech,8.0,6.0,7.0,7.0,8.0,2,1,23,United States,Associates,White or Caucasian,66k-85k,75
333,Data Analyst,1,Healthcare,4.0,5.0,7.0,7.0,5.0,3,0,35,Other,Bachelors,Hispanic or Latino,0-40k,20
334,Other,1,Other,2.0,2.0,3.0,3.0,2.0,4,1,22,India,Bachelors,Asian or Asian American,0-40k,20
335,Data Analyst,1,Tech,5.0,10.0,5.0,6.0,6.0,5,1,33,India,Bachelors,Asian or Asian American,0-40k,20
336,Data Engineer,0,Real Estate,1.0,7.0,7.0,7.0,1.0,1,1,22,United States,Bachelors,White or Caucasian,0-40k,20
337,Data Analyst,1,Other,7.0,8.0,8.0,7.0,5.0,3,1,35,United States,Bachelors,White or Caucasian,86k-105k,95
338,Data Analyst,1,Agriculture,8.0,5.0,6.0,4.0,4.0,2,0,37,United States,Masters,White or Caucasian,66k-85k,75
339,Other,1,Finance,4.0,,,,,1,1,22,United States,Associates,Other,0-40k,20
340,Data Analyst,1,Healthcare,10.0,10.0,10.0,7.0,10.0,3,1,36,United States,Masters,White or Caucasian,66k-85k,75
341,Data Scientist,1,Other,6.0,5.0,8.0,8.0,7.0,2,1,26,India,Bachelors,Hispanic or Latino,86k-105k,95
342,Data Analyst,1,Other,3.0,2.0,6.0,5.0,5.0,3,0,25,Other,Bachelors,Asian or Asian American,0-40k,20
343,Data Analyst,1,Other,4.0,6.0,6.0,5.0,5.0,3,0,34,United States,High School,White or Caucasian,41k-65k,53
344,Data Analyst,1,Other,4.0,8.0,8.0,8.0,7.0,4,1,33,Other,Bachelors,Hispanic or Latino,0-40k,20
345,Other,0,Other,0.0,4.0,0.0,1.0,4.0,5,1,37,United States,Bachelors,White or Caucasian,41k-65k,53
346,Data Analyst,0,Other,5.0,5.0,7.0,6.0,4.0,1,0,54,United States,High School,White or Caucasian,66k-85k,75
347,Data Analyst,1,Finance,2.0,,,,,1,1,26,India,Bachelors,Asian or Asian American,0-40k,20
348,Data Analyst,0,Education,4.0,7.0,7.0,7.0,2.0,3,0,27,United States,Masters,Hispanic or Latino,41k-65k,53
349,Database Developer,1,Telecommunication,2.0,3.0,6.0,6.0,3.0,4,1,24,United Kingdom,Bachelors,White or Caucasian,0-40k,20
350,Data Analyst,1,Finance,5.0,5.0,5.0,5.0,5.0,3,1,24,Other,Bachelors,White or Caucasian,0-40k,20
351,Other,1,Other,3.0,4.0,5.0,3.0,2.0,3,1,27,Other,Bachelors,White or Caucasian,0-40k,20
352,Other,0,Other,0.0,0.0,0.0,0.0,0.0,5,1,25,Other,Bachelors,Asian or Asian American,0-40k,20
353,Data Analyst,1,Tech,1.0,7.0,7.0,7.0,7.0,4,0,28,United Kingdom,Masters,Black or African American,0-40k,20
354,Other,0,Education,3.0,6.0,5.0,5.0,3.0,2,1,21,United States,Bachelors,Asian or Asian American,41k-65k,53
355,Data Analyst,1,Healthcare,4.0,4.0,5.0,5.0,4.0,4,0,28,United States,Bachelors,White or Caucasian,86k-105k,95
356,Data Analyst,1,Tech,3.0,5.0,5.0,5.0,5.0,3,1,30,Other,Masters,Black or African American,0-40k,20
357,Data Analyst,0,Education,0.0,10.0,0.0,9.0,5.0,2,1,24,Other,Associates,Black or African American,0-40k,20
358,Data Analyst,1,Healthcare,7.0,4.0,6.0,5.0,6.0,4,1,26,India,Bachelors,Other,0-40k,20
359,Data Analyst,1,Tech,,,,,,3,0,19,Other,High School,Asian or Asian American,0-40k,20
360,Other,0,Other,5.0,6.0,6.0,5.0,1.0,3,0,92,India,Masters,Asian or Asian American,0-40k,20
361,Data Analyst,1,Healthcare,1.0,8.0,5.0,1.0,7.0,3,1,28,Other,Bachelors,Black or African American,0-40k,20
362,Other,1,Education,0.0,1.0,2.0,2.0,1.0,3,0,24,India,Masters,Asian or Asian American,0-40k,20
363,Other,0,Healthcare,7.0,10.0,10.0,10.0,5.0,2,1,25,United States,Masters,Asian or Asian American,41k-65k,53
364,Data Analyst,1,Finance,4.0,5.0,5.0,5.0,6.0,3,1,42,United Kingdom,Masters,Black or African American,41k-65k,53
365,Data Analyst,1,Tech,2.0,3.0,3.0,3.0,3.0,4,1,21,India,Bachelors,Asian or Asian American,0-40k,20
366,Data Analyst,0,Healthcare,7.0,8.0,9.0,7.0,7.0,2,1,24,United States,Bachelors,White or Caucasian,66k-85k,75
367,Data Analyst,1,Healthcare,4.0,7.0,6.0,6.0,6.0,3,0,26,United States,Bachelors,White or Caucasian,41k-65k,53
368,Data Analyst,1,Other,2.0,8.0,8.0,9.0,8.0,4,1,30,United Kingdom,Bachelors,White or Caucasian,0-40k,20
369,Data Engineer,1,Other,6.0,10.0,10.0,10.0,10.0,3,1,27,United States,Bachelors,Black or African American,86k-105k,95
370,Data Engineer,1,Tech,0.0,4.0,1.0,0.0,1.0,2,1,28,India,Bachelors,Asian or Asian American,0-40k,20
371,Data Analyst,0,Real Estate,6.0,8.0,7.0,7.0,5.0,2,0,29,United Kingdom,Bachelors,White or Caucasian,66k-85k,75
372,Data Analyst,0,Other,0.0,0.0,0.0,0.0,0.0,2,0,26,India,Bachelors,Asian or Asian American,0-40k,20
373,Data Engineer,1,Finance,3.0,3.0,3.0,3.0,3.0,3,1,29,Other,Bachelors,Black or African American,0-40k,20
374,Business Analyst,0,Finance,3.0,5.0,7.0,2.0,5.0,2,1,60,United Kingdom,Masters,White or Caucasian,66k-85k,75
375,Data Analyst,1,Healthcare,5.0,8.0,8.0,5.0,5.0,3,1,25,Other,Bachelors,Black or African American,0-40k,20
376,Other,0,Construction,0.0,0.0,1.0,3.0,2.0,3,0,37,Other,Masters,Other,0-40k,20
377,Data Analyst,1,Finance,6.0,8.0,3.0,4.0,5.0,3,0,30,Canada,Bachelors,Asian or Asian American,66k-85k,75
378,Data Analyst,1,Healthcare,0.0,1.0,2.0,1.0,0.0,3,0,27,Other,Masters,Black or African American,0-40k,20
379,Data Scientist,1,Tech,5.0,6.0,5.0,5.0,6.0,4,1,31,United States,PhD,White or Caucasian,225k+,225
380,Other,0,Other,10.0,10.0,10.0,10.0,10.0,3,1,24,United Kingdom,Masters,Asian or Asian American,0-40k,20
381,Data Analyst,0,Finance,0.0,6.0,6.0,6.0,5.0,3,0,20,United States,Bachelors,Black or African American,0-40k,20
382,Other,0,Tech,2.0,1.0,4.0,1.0,1.0,2,1,24,India,Bachelors,Asian or Asian American,0-40k,20
383,Other,1,Other,3.0,6.0,7.0,6.0,4.0,3,1,24,Other,Bachelors,White or Caucasian,0-40k,20
384,Other,0,Other,0.0,1.0,3.0,0.0,0.0,3,1,41,Other,Bachelors,Hispanic or Latino,0-40k,20
385,Data Analyst,1,Tech,8.0,8.0,8.0,8.0,8.0,4,1,41,United States,Bachelors,White or Caucasian,86k-105k,95
386,Other,0,Other,9.0,8.0,9.0,10.0,8.0,3,1,43,United States,Bachelors,White or Caucasian,150k-225k,187
387,Data Analyst,0,Healthcare,7.0,7.0,8.0,4.0,6.0,2,0,38,United States,Bachelors,White or Caucasian,66k-85k,75
388,Data Analyst,1,Other,5.0,5.0,5.0,5.0,5.0,3,0,28,Other,Bachelors,Asian or Asian American,0-40k,20
389,Data Analyst,1,Healthcare,10.0,8.0,6.0,10.0,7.0,3,0,31,Other,Bachelors,Hispanic or Latino,86k-105k,95
390,Data Analyst,1,Other,8.0,7.0,8.0,6.0,7.0,4,0,28,United States,Masters,White or Caucasian,86k-105k,95
391,Data Analyst,0,Healthcare,7.0,8.0,9.0,9.0,4.0,2,1,23,United States,Masters,Asian or Asian American,41k-65k,53
392,Data Analyst,0,Other,5.0,5.0,4.0,5.0,6.0,3,1,25,United Kingdom,Bachelors,Black or African American,41k-65k,53
393,Other,0,Tech,2.0,5.0,2.0,8.0,9.0,4,1,26,Other,Masters,White or Caucasian,0-40k,20
394,Data Scientist,1,Finance,9.0,4.0,8.0,7.0,5.0,4,1,35,United States,Bachelors,White or Caucasian,125k-150k,137
395,Data Analyst,1,Other,8.0,9.0,9.0,7.0,8.0,3,1,30,Other,Masters,White or Caucasian,106k-125k,115
396,Data Analyst,1,Tech,3.0,,,,,3,1,35,United Kingdom,Bachelors,White or Caucasian,86k-105k,95
397,Data Analyst,1,Telecommunication,0.0,8.0,5.0,5.0,2.0,2,1,28,Other,Bachelors,Hispanic or Latino,0-40k,20
398,Other,0,Tech,0.0,2.0,3.0,3.0,2.0,2,0,24,Other,Bachelors,Black or African American,0-40k,20
399,Data Analyst,1,Tech,8.0,10.0,7.0,5.0,6.0,3,0,34,United States,Bachelors,White or Caucasian,41k-65k,53
400,Data Analyst,1,Tech,3.0,5.0,4.0,5.0,3.0,3,0,31,Other,Masters,White or Caucasian,41k-65k,53
401,Data Analyst,1,Tech,0.0,0.0,0.0,0.0,0.0,4,1,30,United Kingdom,Masters,Asian or Asian American,0-40k,20
402,Data Engineer,1,Other,4.0,4.0,1.0,6.0,1.0,4,1,40,United Kingdom,Bachelors,White or Caucasian,86k-105k,95
403,Data Analyst,0,Other,4.0,10.0,10.0,10.0,8.0,5,1,26,United States,Bachelors,Hispanic or Latino,41k-65k,53
404,Data Analyst,0,Healthcare,9.0,9.0,6.0,6.0,6.0,3,1,25,United States,Bachelors,White or Caucasian,125k-150k,137
405,Data Analyst,1,Other,,5.0,8.0,4.0,8.0,2,1,45,Other,Associates,White or Caucasian,0-40k,20
406,Data Analyst,0,Finance,7.0,9.0,8.0,6.0,6.0,3,1,26,United States,Masters,Black or African American,41k-65k,53
407,Data Scientist,0,Finance,7.0,7.0,8.0,6.0,6.0,3,1,26,India,Masters,Other,0-40k,20
408,Other,1,Finance,3.0,2.0,4.0,2.0,2.0,4,1,23,India,Masters,Asian or Asian American,0-40k,20
409,Data Engineer,1,Tech,4.0,4.0,4.0,4.0,5.0,3,1,25,India,Masters,Asian or Asian American,106k-125k,115
410,Data Analyst,1,Healthcare,4.0,5.0,6.0,6.0,5.0,3,0,33,United States,High School,White or Caucasian,41k-65k,53
411,Business Analyst,0,Other,6.0,3.0,3.0,6.0,6.0,1,1,33,India,Bachelors,Asian or Asian American,0-40k,20
412,Data Analyst,1,Healthcare,7.0,8.0,7.0,8.0,3.0,2,1,27,United States,Bachelors,White or Caucasian,86k-105k,95
413,Data Analyst,1,Tech,9.0,9.0,9.0,8.0,8.0,4,0,28,United States,Masters,Hispanic or Latino,106k-125k,115
414,Data Analyst,1,Tech,5.0,6.0,7.0,6.0,6.0,1,1,32,United States,Bachelors,Hispanic or Latino,66k-85k,75
415,Data Analyst,1,Tech,2.0,6.0,3.0,6.0,6.0,3,1,35,India,Masters,Asian or Asian American,0-40k,20
416,Data Analyst,1,Real Estate,8.0,9.0,10.0,10.0,9.0,3,1,34,United States,Masters,Hispanic or Latino,86k-105k,95
417,Data Analyst,0,Other,9.0,8.0,3.0,5.0,2.0,2,1,27,Other,Masters,White or Caucasian,41k-65k,53
418,Other,1,Education,4.0,5.0,5.0,3.0,3.0,2,0,30,United States,Masters,White or Caucasian,66k-85k,75
419,Data Analyst,0,Other,8.0,9.0,9.0,9.0,9.0,3,1,34,United States,Masters,White or Caucasian,66k-85k,75
420,Other,0,Other,3.0,10.0,6.0,5.0,7.0,3,0,22,United States,Bachelors,White or Caucasian,41k-65k,53
421,Data Analyst,1,Finance,2.0,2.0,5.0,5.0,2.0,5,0,33,India,Masters,Asian or Asian American,0-40k,20
422,Data Analyst,0,Finance,8.0,9.0,9.0,9.0,9.0,3,0,26,India,Masters,Asian or Asian American,0-40k,20
423,Data Engineer,1,Tech,0.0,5.0,8.0,6.0,5.0,3,1,28,Other,Bachelors,Hispanic or Latino,0-40k,20
424,Other,0,Other,2.0,2.0,7.0,4.0,8.0,4,1,42,United Kingdom,Bachelors,Other,0-40k,20
425,Data Analyst,0,Other,4.0,10.0,2.0,3.0,2.0,3,1,30,Other,Masters,Other,0-40k,20
426,Data Scientist,1,Tech,10.0,9.0,8.0,8.0,9.0,4,1,25,United States,Associates,White or Caucasian,106k-125k,115
427,Data Analyst,1,Construction,4.0,6.0,6.0,6.0,5.0,2,1,32,United States,Bachelors,Black or African American,41k-65k,53
428,Data Analyst,0,Tech,3.0,4.0,5.0,5.0,6.0,3,1,31,Other,Masters,Asian or Asian American,0-40k,20
429,Data Analyst,1,Education,8.0,7.0,5.0,4.0,7.0,2,1,30,Other,High School,White or Caucasian,150k-225k,187
430,Other,1,Other,0.0,6.0,6.0,2.0,0.0,3,1,23,Canada,Bachelors,Asian or Asian American,0-40k,20
431,Other,0,Education,7.0,7.0,6.0,7.0,6.0,2,0,31,United Kingdom,Bachelors,White or Caucasian,66k-85k,75
432,Data Analyst,0,Other,7.0,5.0,9.0,9.0,4.0,3,0,29,Other,Masters,Black or African American,41k-65k,53
433,Data Analyst,1,Tech,5.0,4.0,4.0,5.0,7.0,3,1,24,Other,Bachelors,Other,0-40k,20
434,Other,0,Other,2.0,7.0,6.0,5.0,6.0,3,1,36,United States,Masters,Asian or Asian American,41k-65k,53
435,Data Analyst,1,Real Estate,4.0,6.0,6.0,6.0,6.0,4,0,32,United States,Masters,White or Caucasian,41k-65k,53
436,Business Analyst,1,Healthcare,8.0,9.0,7.0,7.0,7.0,4,0,36,United States,Bachelors,White or Caucasian,86k-105k,95
437,Data Engineer,0,Healthcare,8.0,6.0,5.0,2.0,3.0,2,1,30,United States,Bachelors,White or Caucasian,106k-125k,115
438,Other,1,Other,0.0,2.0,2.0,3.0,3.0,3,1,42,Other,Masters,Black or African American,0-40k,20
439,Data Analyst,1,Healthcare,6.0,6.0,6.0,5.0,4.0,2,1,53,Other,PhD,White or Caucasian,86k-105k,95
440,Data Analyst,0,Finance,1.0,7.0,4.0,10.0,10.0,3,1,25,Other,High School,Other,0-40k,20
441,Data Analyst,0,Healthcare,1.0,5.0,4.0,6.0,5.0,3,1,23,Other,Bachelors,White or Caucasian,0-40k,20
442,Data Analyst,1,Agriculture,2.0,1.0,3.0,3.0,3.0,4,1,36,Other,Bachelors,Other,0-40k,20
443,Data Analyst,1,Healthcare,,,,,,2,1,32,Other,Bachelors,Other,41k-65k,53
444,Data Analyst,0,Finance,3.0,6.0,4.0,2.0,2.0,4,1,25,United States,Masters,Hispanic or Latino,86k-105k,95
445,Data Engineer,1,Tech,4.0,4.0,3.0,4.0,4.0,3,0,35,United Kingdom,Masters,Asian or Asian American,41k-65k,53
446,Data Analyst,1,Other,3.0,4.0,4.0,5.0,4.0,1,1,26,United States,Bachelors,White or Caucasian,66k-85k,75
447,Other,0,Tech,2.0,7.0,9.0,7.0,3.0,4,1,22,United States,Bachelors,White or Caucasian,0-40k,20
448,Data Scientist,1,Other,6.0,8.0,10.0,9.0,6.0,3,1,30,Canada,Masters,Asian or Asian American,86k-105k,95
449,Data Analyst,1,Other,2.0,8.0,6.0,1.0,8.0,3,1,36,United States,Masters,White or Caucasian,66k-85k,75
450,Data Analyst,1,Healthcare,4.0,4.0,5.0,5.0,4.0,3,0,30,United States,Masters,White or Caucasian,66k-85k,75
451,Data Scientist,1,Finance,9.0,8.0,10.0,10.0,10.0,4,1,29,United States,Bachelors,Asian or Asian American,106k-125k,115
452,Business Analyst,1,Other,8.0,10.0,10.0,7.0,8.0,4,1,30,United States,Masters,White or Caucasian,66k-85k,75
453,Data Engineer,0,Finance,0.0,6.0,6.0,6.0,6.0,1,1,24,United States,Bachelors,Black or African American,41k-65k,53
454,Data Engineer,1,Tech,3.0,3.0,4.0,4.0,3.0,3,1,33,United States,Bachelors,Asian or Asian American,225k+,225
455,Data Analyst,0,Other,10.0,10.0,10.0,10.0,10.0,2,0,42,United States,Bachelors,White or Caucasian,106k-125k,115
456,Data Analyst,1,Healthcare,1.0,10.0,10.0,8.0,10.0,3,0,36,United States,Bachelors,White or Caucasian,41k-65k,53
457,Data Analyst,1,Other,2.0,3.0,7.0,6.0,5.0,3,1,27,United States,Bachelors,White or Caucasian,41k-65k,53
458,Data Analyst,0,Tech,8.0,7.0,8.0,7.0,7.0,2,0,21,India,Bachelors,Asian or Asian American,0-40k,20
459,Data Analyst,1,Healthcare,8.0,5.0,8.0,8.0,5.0,4,0,34,Other,Masters,White or Caucasian,41k-65k,53
460,Other,0,Education,2.0,5.0,5.0,5.0,2.0,4,1,27,Other,Bachelors,White or Caucasian,0-40k,20
461,Other,1,Tech,7.0,8.0,8.0,8.0,8.0,3,1,27,Other,Masters,White or Caucasian,0-40k,20
462,Other,0,Education,1.0,1.0,2.0,1.0,0.0,3,1,30,Other,Associates,Other,0-40k,20
463,Data Analyst,1,Other,2.0,0.0,0.0,0.0,0.0,4,0,33,United States,Bachelors,White or Caucasian,66k-85k,75
464,Data Analyst,1,Finance,3.0,3.0,4.0,4.0,4.0,4,1,47,India,Masters,American Indian or Alaska Native,86k-105k,95
465,Data Analyst,1,Other,4.0,5.0,4.0,5.0,4.0,4,1,27,United States,Masters,Asian or Asian American,66k-85k,75
466,Data Analyst,0,Healthcare,6.0,7.0,8.0,7.0,6.0,3,1,26,India,Bachelors,Asian or Asian American,0-40k,20
467,Data Analyst,0,Finance,2.0,3.0,2.0,5.0,5.0,3,0,35,India,Masters,Asian or Asian American,0-40k,20
468,Data Analyst,1,Education,0.0,1.0,1.0,0.0,0.0,3,1,31,United States,Masters,Hispanic or Latino,86k-105k,95
469,Data Analyst,1,Education,2.0,1.0,2.0,3.0,4.0,4,1,25,Other,Bachelors,Black or African American,0-40k,20
470,Data Engineer,1,Real Estate,3.0,10.0,8.0,8.0,10.0,2,1,27,United States,Bachelors,White or Caucasian,66k-85k,75
471,Data Analyst,1,Tech,5.0,8.0,3.0,2.0,4.0,3,1,32,Other,Bachelors,White or Caucasian,41k-65k,53
472,Other,1,Real Estate,0.0,3.0,3.0,3.0,3.0,4,1,47,Other,Bachelors,White or Caucasian,0-40k,20
473,Other,0,Finance,0.0,10.0,10.0,5.0,0.0,3,0,30,United States,Masters,Asian or Asian American,66k-85k,75
474,Data Analyst,1,Other,8.0,6.0,6.0,7.0,9.0,2,0,35,United States,Masters,Black or African American,106k-125k,115
475,Data Analyst,1,Finance,6.0,9.0,5.0,7.0,8.0,4,1,25,United States,High School,Hispanic or Latino,41k-65k,53
476,Other,0,Other,3.0,6.0,6.0,6.0,6.0,3,1,27,United States,Bachelors,White or Caucasian,66k-85k,75
477,Data Analyst,1,Healthcare,1.0,5.0,3.0,3.0,6.0,4,0,27,United States,Masters,Black or African American,41k-65k,53
478,Other,0,Other,1.0,8.0,8.0,1.0,3.0,1,0,23,India,Masters,Asian or Asian American,0-40k,20
479,Data Scientist,0,Other,9.0,10.0,10.0,10.0,10.0,3,1,18,United States,Bachelors,White or Caucasian,41k-65k,53
480,Data Analyst,1,Healthcare,8.0,10.0,9.0,6.0,8.0,2,0,28,Other,Masters,Hispanic or Latino,0-40k,20
481,Other,1,Healthcare,7.0,6.0,8.0,8.0,8.0,2,1,28,United States,Bachelors,White or Caucasian,125k-150k,137
482,Other,0,Other,0.0,0.0,0.0,0.0,0.0,2,0,26,United States,Bachelors,American Indian or Alaska Native,0-40k,20
483,Other,0,Education,0.0,0.0,3.0,0.0,0.0,4,1,27,Other,Bachelors,Black or African American,0-40k,20
484,Data Analyst,0,Tech,9.0,7.0,9.0,10.0,10.0,3,0,22,India,Masters,Asian or Asian American,41k-65k,53
485,Data Analyst,1,Tech,0.0,8.0,7.0,6.0,3.0,5,1,27,United States,High School,White or Caucasian,0-40k,20
486,Data Engineer,1,Other,5.0,7.0,6.0,8.0,7.0,3,1,28,India,Bachelors,Asian or Asian American,0-40k,20
487,Data Analyst,1,Tech,3.0,2.0,4.0,3.0,3.0,3,1,25,Other,High School,Black or African American,0-40k,20
488,Data Analyst,0,Healthcare,2.0,6.0,6.0,7.0,7.0,4,1,32,United Kingdom,Bachelors,Hispanic or Latino,0-40k,20
489,Other,1,Finance,7.0,9.0,10.0,10.0,3.0,2,1,33,Other,Bachelors,White or Caucasian,0-40k,20
490,Data Analyst,0,Other,5.0,6.0,5.0,2.0,3.0,2,1,23,Canada,Masters,Black or African American,41k-65k,53
491,Other,1,Finance,4.0,5.0,4.0,4.0,5.0,3,0,40,Other,Bachelors,Black or African American,0-40k,20
492,Data Analyst,1,Other,7.0,9.0,9.0,9.0,7.0,2,0,28,United Kingdom,Bachelors,Asian or Asian American,41k-65k,53
493,Data Analyst,0,Real Estate,3.0,7.0,8.0,6.0,6.0,4,1,26,Other,High School,Black or African American,0-40k,20
494,Other,1,Tech,3.0,5.0,5.0,4.0,3.0,4,0,24,India,Bachelors,Asian or Asian American,0-40k,20
495,Other,1,Finance,7.0,5.0,5.0,8.0,8.0,3,0,40,United States,Associates,Other,86k-105k,95
496,Data Analyst,1,Other,8.0,10.0,10.0,10.0,7.0,3,1,26,United States,Bachelors,Black or African American,66k-85k,75
497,Data Scientist,1,Other,8.0,8.0,10.0,10.0,10.0,2,0,44,United Kingdom,Bachelors,White or Caucasian,41k-65k,53
498,Other,1,Other,7.0,9.0,8.0,8.0,6.0,3,1,36,United States,Masters,White or Caucasian,66k-85k,75
499,Business Analyst,1,Other,1.0,5.0,10.0,10.0,8.0,3,1,30,Other,Bachelors,Hispanic or Latino,0-40k,20
500,Other,1,Other,3.0,3.0,3.0,2.0,2.0,1,1,48,Other,Masters,Other,0-40k,20
501,Data Analyst,1,Construction,1.0,4.0,1.0,2.0,2.0,2,0,30,Canada,Masters,Asian or Asian American,41k-65k,53
502,Other,0,Telecommunication,3.0,8.0,8.0,5.0,3.0,4,1,28,India,Bachelors,Other,0-40k,20
503,Other,0,Tech,5.0,8.0,7.0,7.0,3.0,4,1,25,India,Bachelors,Other,0-40k,20
504,Other,0,Tech,6.0,5.0,4.0,4.0,3.0,2,1,24,United States,Masters,American Indian or Alaska Native,106k-125k,115
505,Data Analyst,1,Other,5.0,10.0,7.0,7.0,4.0,2,1,31,United States,Bachelors,Black or African American,41k-65k,53
506,Data Engineer,0,Real Estate,3.0,3.0,8.0,9.0,5.0,2,1,23,United Kingdom,Bachelors,Other,0-40k,20
507,Data Analyst,0,Other,1.0,4.0,4.0,1.0,1.0,2,0,48,United Kingdom,Masters,White or Caucasian,41k-65k,53
508,Data Analyst,1,Healthcare,6.0,9.0,8.0,8.0,8.0,3,1,28,United States,Bachelors,Black or African American,66k-85k,75
509,Data Analyst,1,Other,5.0,7.0,7.0,7.0,7.0,4,1,32,United Kingdom,Masters,Hispanic or Latino,41k-65k,53
510,Data Scientist,1,Finance,5.0,7.0,7.0,4.0,5.0,3,1,30,Other,Bachelors,Asian or Asian American,41k-65k,53
511,Data Analyst,1,Other,5.0,5.0,7.0,7.0,7.0,3,1,32,Other,Masters,White or Caucasian,0-40k,20
512,Data Analyst,1,Tech,0.0,3.0,0.0,1.0,0.0,2,0,30,Other,Masters,Other,0-40k,20
513,Data Analyst,1,Other,4.0,2.0,5.0,2.0,4.0,3,0,35,Other,Masters,White or Caucasian,0-40k,20
514,Other,1,Tech,,,,,,2,0,38,United Kingdom,Masters,Black or African American,0-40k,20
515,Other,1,Other,6.0,6.0,7.0,7.0,6.0,2,0,30,United States,Masters,Asian or Asian American,66k-85k,75
516,Data Analyst,1,Tech,3.0,3.0,5.0,4.0,4.0,3,1,48,United States,Bachelors,White or Caucasian,41k-65k,53
517,Data Analyst,1,Finance,5.0,8.0,5.0,5.0,5.0,2,1,32,Canada,Masters,Asian or Asian American,66k-85k,75
518,Other,1,Telecommunication,4.0,5.0,4.0,5.0,5.0,4,1,27,India,Bachelors,American Indian or Alaska Native,41k-65k,53
519,Other,0,Tech,7.0,9.0,5.0,6.0,6.0,2,1,27,United Kingdom,Masters,White or Caucasian,41k-65k,53
520,Other,0,Finance,8.0,7.0,6.0,7.0,8.0,3,1,24,Other,Bachelors,Other,0-40k,20
521,Data Scientist,1,Finance,9.0,9.0,9.0,9.0,8.0,4,1,42,United States,PhD,Asian or Asian American,150k-225k,187
522,Business Analyst,0,Tech,8.0,6.0,6.0,8.0,7.0,3,1,24,United States,Bachelors,Hispanic or Latino,41k-65k,53
523,Database Developer,1,Tech,5.0,9.0,7.0,7.0,6.0,2,1,23,India,Bachelors,Asian or Asian American,0-40k,20
524,Data Analyst,0,Tech,7.0,9.0,8.0,8.0,4.0,3,1,26,India,Bachelors,Asian or Asian American,0-40k,20
525,Data Analyst,0,Other,5.0,6.0,6.0,2.0,2.0,3,1,32,Other,Bachelors,Black or African American,41k-65k,53
526,Other,0,Telecommunication,4.0,3.0,2.0,0.0,0.0,3,1,35,Other,Bachelors,White or Caucasian,0-40k,20
527,Data Analyst,1,Healthcare,4.0,3.0,4.0,2.0,2.0,2,1,41,United States,High School,White or Caucasian,106k-125k,115
528,Other,0,Education,4.0,9.0,8.0,8.0,6.0,3,1,25,United States,Masters,White or Caucasian,41k-65k,53
529,Data Analyst,1,Construction,0.0,0.0,0.0,0.0,0.0,5,0,28,United States,Masters,Asian or Asian American,0-40k,20
530,Data Analyst,1,Agriculture,3.0,6.0,5.0,5.0,5.0,3,1,29,United States,Bachelors,White or Caucasian,41k-65k,53
531,Other,0,Telecommunication,8.0,10.0,6.0,7.0,8.0,3,1,19,United States,High School,White or Caucasian,0-40k,20
532,Data Analyst,1,Other,5.0,6.0,9.0,6.0,7.0,3,1,27,India,Bachelors,Asian or Asian American,41k-65k,53
533,Other,1,Finance,8.0,9.0,9.0,7.0,8.0,3,1,25,Other,Bachelors,White or Caucasian,0-40k,20
534,Data Analyst,1,Other,6.0,10.0,10.0,10.0,10.0,4,0,26,Canada,Masters,Asian or Asian American,41k-65k,53
535,Data Analyst,1,Healthcare,3.0,4.0,5.0,5.0,4.0,4,1,25,Other,Bachelors,White or Caucasian,0-40k,20
536,Data Analyst,1,Other,6.0,6.0,9.0,9.0,10.0,3,1,25,Other,Bachelors,White or Caucasian,0-40k,20
537,Data Analyst,1,Healthcare,2.0,3.0,4.0,3.0,3.0,3,1,26,Other,Bachelors,Black or African American,0-40k,20
538,Data Analyst,1,Education,8.0,8.0,7.0,6.0,7.0,3,1,35,United States,Bachelors,White or Caucasian,125k-150k,137
539,Data Analyst,1,Other,6.0,7.0,7.0,6.0,7.0,4,1,29,United States,Masters,Black or African American,86k-105k,95
540,Data Analyst,1,Tech,7.0,6.0,5.0,4.0,3.0,3,0,41,United States,Associates,Hispanic or Latino,86k-105k,95
541,Other,0,Education,0.0,6.0,4.0,5.0,2.0,5,0,22,United States,Bachelors,Hispanic or Latino,0-40k,20
542,Data Analyst,1,Healthcare,2.0,6.0,6.0,4.0,3.0,4,1,35,United States,Bachelors,Hispanic or Latino,66k-85k,75
543,Data Analyst,1,Finance,4.0,3.0,4.0,4.0,4.0,5,1,30,Other,Bachelors,Asian or Asian American,66k-85k,75
544,Data Engineer,0,Real Estate,4.0,6.0,3.0,2.0,3.0,3,1,37,Canada,Bachelors,Asian or Asian American,150k-225k,187
545,Data Analyst,1,Other,6.0,7.0,7.0,5.0,5.0,4,0,28,United States,Masters,Black or African American,66k-85k,75
546,Data Analyst,0,Real Estate,7.0,5.0,6.0,6.0,4.0,3,1,23,United States,High School,White or Caucasian,86k-105k,95
547,Other,0,Finance,3.0,4.0,8.0,5.0,5.0,3,1,26,United States,High School,Asian or Asian American,0-40k,20
548,Data Analyst,0,Other,2.0,4.0,4.0,3.0,4.0,3,1,25,Other,Bachelors,Native Hawaiian or other Pacific Islander,66k-85k,75
549,Data Analyst,0,Tech,0.0,1.0,2.0,1.0,1.0,3,1,23,India,Bachelors,Asian or Asian American,0-40k,20
550,Other,1,Other,0.0,1.0,0.0,0.0,0.0,3,1,53,Other,Bachelors,Black or African American,0-40k,20
551,Data Engineer,1,Tech,4.0,6.0,6.0,3.0,7.0,3,0,33,Other,Bachelors,White or Caucasian,0-40k,20
552,Other,1,Finance,3.0,5.0,5.0,4.0,5.0,4,1,39,Other,High School,Black or African American,0-40k,20
553,Data Analyst,1,Healthcare,6.0,7.0,5.0,7.0,7.0,4,0,22,United Kingdom,Bachelors,White or Caucasian,0-40k,20
554,Data Analyst,0,Finance,4.0,7.0,7.0,7.0,5.0,2,1,24,Other,Bachelors,White or Caucasian,41k-65k,53
555,Data Architect,0,Other,5.0,1.0,3.0,1.0,4.0,4,1,31,Canada,High School,White or Caucasian,86k-105k,95
556,Data Analyst,1,Other,0.0,0.0,0.0,0.0,0.0,5,1,25,Other,Bachelors,Asian or Asian American,0-40k,20
557,Other,0,Tech,4.0,7.0,7.0,6.0,6.0,3,1,25,India,Bachelors,Asian or Asian American,0-40k,20
558,Data Analyst,0,Tech,3.0,4.0,4.0,4.0,2.0,3,1,23,India,Bachelors,Asian or Asian American,0-40k,20
559,Other,1,Other,6.0,7.0,7.0,7.0,7.0,3,1,23,India,Bachelors,Asian or Asian American,41k-65k,53
560,Data Analyst,0,Healthcare,8.0,9.0,8.0,8.0,8.0,4,1,40,United States,High School,White or Caucasian,86k-105k,95
561,Data Analyst,0,Other,5.0,6.0,6.0,2.0,0.0,3,1,29,United States,Bachelors,Hispanic or Latino,41k-65k,53
562,Data Analyst,1,Tech,1.0,7.0,5.0,5.0,4.0,4,1,28,India,Bachelors,Other,0-40k,20
563,Data Analyst,1,Healthcare,3.0,6.0,6.0,4.0,6.0,1,0,28,United Kingdom,Masters,Black or African American,0-40k,20
564,Other,1,Telecommunication,0.0,3.0,3.0,4.0,5.0,4,0,26,India,Masters,Asian or Asian American,0-40k,20
565,Data Engineer,0,Construction,6.0,8.0,8.0,5.0,5.0,3,1,30,Other,Masters,White or Caucasian,41k-65k,53
566,Data Analyst,1,Education,5.0,9.0,7.0,9.0,8.0,3,1,27,Other,Bachelors,Asian or Asian American,66k-85k,75
567,Data Analyst,1,Other,2.0,0.0,5.0,3.0,0.0,5,1,28,Other,Bachelors,Black or African American,0-40k,20
568,Data Analyst,0,Education,3.0,3.0,5.0,3.0,3.0,3,0,38,Other,Masters,Black or African American,66k-85k,75
569,Data Analyst,0,Finance,2.0,6.0,5.0,5.0,6.0,2,1,22,Other,Bachelors,White or Caucasian,0-40k,20
570,Data Analyst,1,Other,7.0,8.0,9.0,9.0,9.0,4,1,34,United States,Bachelors,Hispanic or Latino,86k-105k,95
571,Data Analyst,0,Tech,3.0,8.0,8.0,5.0,7.0,2,1,26,Other,Bachelors,Asian or Asian American,0-40k,20
572,Data Analyst,1,Tech,5.0,9.0,7.0,7.0,8.0,3,0,26,Canada,Bachelors,Asian or Asian American,66k-85k,75
573,Data Engineer,0,Education,10.0,10.0,10.0,9.0,9.0,4,1,25,Other,Bachelors,Other,66k-85k,75
574,Data Scientist,1,Tech,5.0,3.0,7.0,4.0,5.0,2,1,34,United States,Bachelors,Black or African American,125k-150k,137
575,Other,1,Finance,7.0,10.0,10.0,10.0,4.0,3,0,32,Other,Bachelors,Hispanic or Latino,41k-65k,53
576,Other,0,Construction,2.0,2.0,2.0,2.0,2.0,4,1,24,United States,Associates,Black or African American,0-40k,20
577,Data Engineer,1,Tech,7.0,3.0,3.0,2.0,5.0,4,1,26,Other,Bachelors,Hispanic or Latino,0-40k,20
578,Data Analyst,1,Telecommunication,4.0,7.0,5.0,6.0,4.0,4,0,32,Other,Masters,Black or African American,41k-65k,53
579,Data Scientist,0,Tech,5.0,1.0,7.0,1.0,1.0,3,1,40,Other,Masters,White or Caucasian,41k-65k,53
580,Data Analyst,0,Other,0.0,7.0,1.0,6.0,0.0,2,1,27,United States,Bachelors,Black or African American,0-40k,20
581,Data Analyst,1,Tech,4.0,3.0,6.0,7.0,4.0,2,1,28,United States,Masters,Black or African American,66k-85k,75
582,Data Analyst,1,Other,1.0,9.0,5.0,5.0,1.0,4,1,30,Other,Bachelors,Other,0-40k,20
583,Data Analyst,1,Other,0.0,6.0,5.0,5.0,5.0,4,1,37,United States,Bachelors,White or Caucasian,0-40k,20
584,Other,0,Tech,7.0,7.0,5.0,5.0,0.0,4,1,32,Other,Bachelors,Asian or Asian American,41k-65k,53
585,Data Analyst,1,Tech,9.0,7.0,10.0,10.0,5.0,3,1,24,Other,Bachelors,Other,41k-65k,53
586,Data Analyst,1,Tech,6.0,7.0,7.0,7.0,5.0,3,1,39,Other,Associates,White or Caucasian,0-40k,20
587,Data Analyst,1,Finance,6.0,8.0,7.0,4.0,4.0,2,1,34,Other,Bachelors,Asian or Asian American,125k-150k,137
588,Data Analyst,0,Other,5.0,6.0,10.0,7.0,3.0,3,1,27,United States,Bachelors,Black or African American,41k-65k,53
589,Data Analyst,1,Healthcare,7.0,7.0,4.0,7.0,7.0,4,1,54,United States,High School,White or Caucasian,66k-85k,75
590,Other,0,Tech,0.0,,,,,4,0,20,India,Bachelors,Asian or Asian American,0-40k,20
591,Other,1,Finance,3.0,3.0,3.0,3.0,3.0,3,1,25,India,Masters,Asian or Asian American,0-40k,20
592,Other,0,Tech,7.0,7.0,2.0,2.0,7.0,2,1,33,India,Bachelors,Asian or Asian American,0-40k,20
593,Data Analyst,1,Tech,4.0,8.0,8.0,8.0,10.0,1,1,30,United Kingdom,Masters,White or Caucasian,41k-65k,53
594,Other,1,Tech,0.0,4.0,2.0,0.0,1.0,3,1,31,Other,High School,Black or African American,0-40k,20
595,Other,1,Other,5.0,6.0,5.0,6.0,2.0,4,1,22,Other,Masters,Other,0-40k,20
596,Data Analyst,1,Tech,8.0,10.0,10.0,10.0,8.0,3,0,38,United States,Bachelors,Black or African American,66k-85k,75
597,Data Analyst,0,Other,6.0,9.0,7.0,7.0,5.0,3,1,22,Other,Bachelors,Other,0-40k,20
598,Data Scientist,1,Real Estate,2.0,3.0,4.0,5.0,3.0,1,1,33,India,Bachelors,Asian or Asian American,0-40k,20
599,Data Analyst,1,Tech,3.0,6.0,6.0,6.0,5.0,3,1,27,Canada,Bachelors,White or Caucasian,41k-65k,53
600,Data Analyst,0,Tech,0.0,6.0,3.0,0.0,0.0,3,1,19,Other,Bachelors,White or Caucasian,0-40k,20
601,Other,0,Other,1.0,6.0,2.0,5.0,1.0,3,1,24,India,Bachelors,Other,0-40k,20
602,Other,0,Finance,8.0,10.0,9.0,10.0,8.0,1,0,58,United States,Masters,White or Caucasian,150k-225k,187
603,Data Analyst,0,Tech,2.0,2.0,5.0,6.0,6.0,3,1,22,Other,Bachelors,Black or African American,0-40k,20
604,Data Analyst,0,Tech,4.0,4.0,4.0,4.0,3.0,3,1,26,Other,Masters,Asian or Asian American,86k-105k,95
605,Other,0,Tech,4.0,5.0,4.0,5.0,5.0,2,0,31,United Kingdom,Bachelors,White or Caucasian,41k-65k,53
606,Data Analyst,0,Agriculture,2.0,2.0,4.0,5.0,1.0,3,1,23,United States,High School,Hispanic or Latino,41k-65k,53
607,Data Analyst,0,Healthcare,7.0,10.0,10.0,10.0,7.0,3,0,31,United States,Masters,Asian or Asian American,86k-105k,95
608,Other,0,Construction,5.0,5.0,7.0,7.0,9.0,4,0,24,United States,Bachelors,Asian or Asian American,66k-85k,75
609,Other,1,Finance,8.0,10.0,10.0,10.0,10.0,3,1,29,Other,Bachelors,Hispanic or Latino,41k-65k,53
610,Other,1,Education,7.0,8.0,9.0,8.0,9.0,4,1,26,Other,Bachelors,Asian or Asian American,0-40k,20
611,Other,1,Other,3.0,9.0,9.0,9.0,9.0,3,1,20,India,High School,Asian or Asian American,0-40k,20
612,Data Analyst,1,Education,0.0,2.0,3.0,2.0,4.0,3,1,23,India,Bachelors,Asian or Asian American,0-40k,20
613,Data Analyst,0,Tech,8.0,8.0,9.0,8.0,7.0,3,1,33,United States,Masters,White or Caucasian,106k-125k,115
614,Other,1,Tech,2.0,3.0,3.0,5.0,5.0,2,1,26,Other,Bachelors,Black or African American,0-40k,20
615,Data Analyst,1,Other,3.0,9.0,8.0,8.0,6.0,4,1,27,India,Bachelors,Asian or Asian American,0-40k,20
616,Other,0,Agriculture,0.0,8.0,8.0,8.0,8.0,3,1,22,Other,Bachelors,Asian or Asian American,0-40k,20
617,Data Analyst,1,Tech,3.0,9.0,9.0,6.0,9.0,2,1,23,Other,Masters,White or Caucasian,0-40k,20
618,Other,1,Other,3.0,6.0,7.0,5.0,4.0,3,1,28,Other,Bachelors,Hispanic or Latino,0-40k,20
619,Data Analyst,0,Finance,7.0,5.0,4.0,6.0,4.0,2,0,39,Other,Masters,White or Caucasian,41k-65k,53
620,Other,0,Other,3.0,2.0,5.0,3.0,3.0,3,1,37,United States,Masters,White or Caucasian,106k-125k,115
621,Database Developer,1,Education,4.0,7.0,7.0,7.0,7.0,4,0,29,United States,Masters,White or Caucasian,41k-65k,53
622,Data Analyst,1,Finance,5.0,6.0,6.0,5.0,4.0,2,1,42,United States,Masters,White or Caucasian,106k-125k,115
623,Other,0,Tech,0.0,0.0,0.0,0.0,0.0,3,0,25,Canada,Bachelors,Asian or Asian American,0-40k,20
624,Database Developer,1,Telecommunication,5.0,5.0,5.0,5.0,4.0,2,1,66,Other,High School,Black or African American,0-40k,20
625,Data Analyst,1,Other,8.0,5.0,6.0,6.0,5.0,2,1,26,United States,Bachelors,White or Caucasian,125k-150k,137
626,Data Scientist,0,Other,4.0,6.0,7.0,7.0,4.0,4,1,21,United States,Bachelors,White or Caucasian,0-40k,20
627,Other,1,Tech,1.0,2.0,1.0,2.0,1.0,4,1,26,Other,Bachelors,Asian or Asian American,0-40k,20
628,Data Engineer,0,Tech,6.0,6.0,6.0,6.0,4.0,2,1,24,Other,Bachelors,Hispanic or Latino,0-40k,20
629,Data Analyst,0,Other,8.0,7.0,6.0,7.0,6.0,2,1,22,United States,Bachelors,Asian or Asian American,41k-65k,53
